2014,A4,Audi,Sedan
2015,A4,Audi,Sedan
2016,A4,Audi,Sedan
2017,A4,Audi,Sedan
2018,A4,Audi,Sedan
2019,A4,Audi,Sedan
2014,Aventador,Lamborghini,2 Door Coupe
2015,Aventador,Lamborghini,2 Door Coupe
2016,Aventador,Lamborghini,2 Door Coupe
2017,Aventador,Lamborghini,2 Door Coupe
2018,Aventador,Lamborghini,2 Door Coupe
2019,Aventador,Lamborghini,2 Door Coupe
2019,Bentayaga,Bently,SUV
2014,Bentayaga,Bently,SUV
2015,Bentayaga,Bently,SUV
2016,Bentayaga,Bently,SUV
2018,Bentayaga,Lamborghini,2 Door Coupe
2011,Centenario,Lamborghini,2 Door Coupe
2014,Chiron,Bugatti,2 Door Coupe
2015,Chiron,Bugatti,2 Door Coupe
2016,Chiron,Bugatti,2 Door Coupe
2017,Chiron,Bugatti,2 Door Coupe
2018,Chiron,Bugatti,2 Door Coupe
2019,Chiron,Bugatti,2 Door Coupe
2017,Continental,Bently,Sedan
2018,Continental,Bently,Sedan
2019,Continental,Bently,Sedan
2014,Continental,Bently,Sedan
2015,Continental,Bently,Sedan
2016,Continental,Bently,Sedan
1973,Countach,Lamborghini,2 Door Coupe
1974,Countach,Lamborghini,2 Door Coupe
1975,Countach,Lamborghini,2 Door Coupe
2014,Golf,Volkwagen,Hatchback
2015,Golf,Volkwagen,Hatchback
2016,Golf,Volkwagen,Hatchback
2017,Golf,Volkwagen,Hatchback
2018,Golf,Volkwagen,Hatchback
2019,Golf,Volkwagen,Hatchback
2018,Huracan Performante,Lamborghini,2 Door Coupe
2019,Huracan Performante,Lamborghini,2 Door Coupe
2014,Huracan Performante,Lamborghini,2 Door Coupe
2015,Huracan Performante,Lamborghini,2 Door Coupe
2016,Huracan Performante,Lamborghini,2 Door Coupe
2017,Huracan Performante,Lamborghini,2 Door Coupe
2019,Jetta,Volkwagen,Sedan
2017,Jetta,Volkwagen,Sedan
2018,Jetta,Volkwagen,Sedan
2014,Jetta,Volkwagen,Sedan
2015,Jetta,Volkwagen,Sedan
2016,Jetta,Volkwagen,Sedan
2018,Passat,Volkwagen,Sedan
2019,Passat,Volkwagen,Sedan
2014,Passat,Volkwagen,Sedan
2015,Passat,Volkwagen,Sedan
2016,Passat,Volkwagen,Sedan
2017,Passat,Volkwagen,Sedan
2017,Q7,Audi,SUV
2018,Q7,Audi,SUV
2019,Q7,Audi,SUV
2014,Q7,Audi,SUV
2015,Q7,Audi,SUV
2016,Q7,Audi,SUV
2018,R8,Audi,2 Door Converitble
2017,R8,Audi,2 Door Converitble
2019,R8,Audi,2 Door Converitble
2014,R8,Audi,2 Door Converitble
2015,R8,Audi,2 Door Converitble
2016,R8,Audi,2 Door Converitble
2014,Urus,Lamborghini,SUV
2015,Urus,Lamborghini,SUV
2016,Urus,Lamborghini,SUV
2017,Urus,Lamborghini,SUV
2018,Urus,Lamborghini,SUV
2019,Urus,Lamborghini,SUV
2017,Veyron,Bugatti,2 Door Coupe
2018,Veyron,Bugatti,2 Door Coupe
2019,Veyron,Bugatti,2 Door Coupe
2014,Veyron,Bugatti,2 Door Coupe
2015,Veyron,Bugatti,2 Door Coupe
2016,Veyron,Bugatti,2 Door Coupe
